id;term;definition_ru;definition_en;source_file;source_kind;predicted_label;formalizable_now;rule_score;evidence;label_reason;missing_context;formal_expression;lean4_draft
P001;;"[1–3]) называется:
 • ортоморфизмом, если π(s)1 ∈S(X);
 • полной, если π(s)2 ∈S(X);
 • левым ортоморфизмом, если π(s)3 ∈S(X);
 • полной левой, если π(s)4 ∈S(X).";;dm1691.pdf;pdf;SELF_CONTAINED;Да;0.94;формальные маркеры: \bесли\b, ∈;Объект и проверяемое условие заданы непосредственно в формулировке.;Не требуется.;;
P002;;"В методическом пособии [3] среди требований к изучению
каждой темы мы предлагаем такие: знать
определения и уметь приводить примеры
изучаемых понятий.";;elibrary_36265910_91588265.pdf;pdf;NEEDS_PRIOR_DEF;После уточнения;0.6;формальные маркеры не обнаружены;Не найдено явное проверяемое условие, достаточное для формальной записи.;Требуется уточнить объект и критерий определения.;;
P006;;"Для правильного слова 𝜋𝑖вида (8) положим

 𝑡
 (︂ )︂
 wt(𝜋𝑖) = ∑︁ wt(𝑒𝑖𝑗) −(𝑡−1),
 𝑗=1

и назовем wt(𝜋𝑖) весом слова 𝜋𝑖.";;mzm13637.pdf;pdf;SELF_CONTAINED;Да;0.94;формальные маркеры: =;Объект и проверяемое условие заданы непосредственно в формулировке.;Не требуется.;;
P003;;"Выяснить, является ли групПри ответе на этот вопрос студент па А из задач прямым произведением поддолжен вспомнить определение цикличе- групп:
ской группы и применить ассоциатив- а) Н1 и Н3; б) Н2 и Н3;
ность операции для доказательства ее в) Н2 и Н4; г) Н3 и Н4.";;elibrary_36265910_91588265.pdf;pdf;NEEDS_PRIOR_DEF;После уточнения;0.6;формальные маркеры не обнаружены;Не найдено явное проверяемое условие, достаточное для формальной записи.;Требуется уточнить объект и критерий определения.;;
P007;;"Весом wt(𝑎) элемента 𝑎∈𝐹назовем наименьший
из весов правильных слов 𝜋𝑖, входящих в разложение

 𝑎= ∑︁ 𝛼𝑖𝜋𝑖, где 0 ̸= 𝛼𝑖∈𝐾.";;mzm13637.pdf;pdf;SELF_CONTAINED;Да;0.94;формальные маркеры: ∈, =;Объект и проверяемое условие заданы непосредственно в формулировке.;Не требуется.;;
P004;;"(1)

В частности, отображение 𝑎↦→𝑎𝑝является автоморфизмом поля конечной характеристики 𝑝, он называется автоморфизмом Фробениуса.";;mzm13637.pdf;pdf;NEEDS_PRIOR_DEF;После уточнения;0.6;формальные маркеры не обнаружены;Не найдено явное проверяемое условие, достаточное для формальной записи.;Требуется уточнить объект и критерий определения.;;
P005;;"ПЧЕЛИНЦЕВ

 Следуя [4], первое из соотношений (1) называется аддитивным, а второе – мультипликативным соотношениями Фробениуса.";;mzm13637.pdf;pdf;NEEDS_PRIOR_DEF;После уточнения;0.6;формальные маркеры не обнаружены;Не найдено явное проверяемое условие, достаточное для формальной записи.;Требуется уточнить объект и критерий определения.;;
