id;definition_ru;predicted_label;annotator_1;annotator_2
P001;"[1–3]) называется:
 • ортоморфизмом, если π(s)1 ∈S(X);
 • полной, если π(s)2 ∈S(X);
 • левым ортоморфизмом, если π(s)3 ∈S(X);
 • полной левой, если π(s)4 ∈S(X).";SELF_CONTAINED;SELF_CONTAINED;NEEDS_PRIOR_DEF
P002;"В методическом пособии [3] среди требований к изучению
каждой темы мы предлагаем такие: знать
определения и уметь приводить примеры
изучаемых понятий.";NEEDS_PRIOR_DEF;NEEDS_PRIOR_DEF;NEEDS_PRIOR_DEF
P006;"Для правильного слова 𝜋𝑖вида (8) положим

 𝑡
 (︂ )︂
 wt(𝜋𝑖) = ∑︁ wt(𝑒𝑖𝑗) −(𝑡−1),
 𝑗=1

и назовем wt(𝜋𝑖) весом слова 𝜋𝑖.";SELF_CONTAINED;SELF_CONTAINED;SELF_CONTAINED
P003;"Выяснить, является ли групПри ответе на этот вопрос студент па А из задач прямым произведением поддолжен вспомнить определение цикличе- групп:
ской группы и применить ассоциатив- а) Н1 и Н3; б) Н2 и Н3;
ность операции для доказательства ее в) Н2 и Н4; г) Н3 и Н4.";NEEDS_PRIOR_DEF;NEEDS_PRIOR_DEF;NEEDS_PRIOR_DEF
P007;"Весом wt(𝑎) элемента 𝑎∈𝐹назовем наименьший
из весов правильных слов 𝜋𝑖, входящих в разложение

 𝑎= ∑︁ 𝛼𝑖𝜋𝑖, где 0 ̸= 𝛼𝑖∈𝐾.";SELF_CONTAINED;SELF_CONTAINED;SELF_CONTAINED
P004;"(1)

В частности, отображение 𝑎↦→𝑎𝑝является автоморфизмом поля конечной характеристики 𝑝, он называется автоморфизмом Фробениуса.";NEEDS_PRIOR_DEF;NEEDS_PRIOR_DEF;NEEDS_PRIOR_DEF
P005;"ПЧЕЛИНЦЕВ

 Следуя [4], первое из соотношений (1) называется аддитивным, а второе – мультипликативным соотношениями Фробениуса.";NEEDS_PRIOR_DEF;NEEDS_PRIOR_DEF;NEEDS_PRIOR_DEF
